"Breaking The Rules",1,,4.38,1
C.O.D.,1,,3.31,1
"Evil Walks",1,,4.38,1
"For Those About To Rock (We Salute You)",1,,5.71,1
"Inject The Venom",1,,3.5,1
"Let's Get It Up",1,,3.88,1
"Night Of The Long Knives",1,,3.41,1
"Put The Finger On You",1,,3.41,1
Snowballed,1,,3.38,1
Spellbound,1,,4.5,1
"Bad Boy Boogie",2,,4.45,1
"Dog Eat Dog",2,,3.58,1
"Go Down",2,,5.51,1
"Hell Ain't A Bad Place To Be",2,,4.23,1
"Let There Be Rock",2,,6.1,1
Overdose,2,,6.15,1
"Problem Child",2,,5.41,1
"Whole Lotta Rosie",2,,5.38,1
"Balls to the Wall",3,,5.7,2
"Fast As a Shark",4,,3.83,2
"Princess of the Dawn",4,,6.25,2
"Restless and Wild",4,,4.2,2
Amazing,5,,5.93,3
Angel,5,,5.11,3
"Blind Man",5,,4.0,3
Crazy,5,,5.26,3
"Cryin'",5,,5.15,3
"Deuces Are Wild",5,,3.58,3
"Dude (Looks Like A Lady)",5,,4.4,3
"Eat The Rich",5,,4.18,3
"Janie's Got A Gun",5,,5.5,3
"Livin' On The Edge",5,,6.35,3
"Love In An Elevator",5,,5.35,3
"Rag Doll",5,,4.4,3
"The Other Side",5,,4.06,3
"Walk On Water",5,,4.91,3
"What It Takes",5,,5.16,3
"All I Really Want",6,,4.73,4
Forgiven,6,,5.0,4
"Hand In My Pocket",6,,3.68,4
"Head Over Feet",6,,4.45,4
Ironic,6,,3.81,4
"Mary Jane",6,,4.66,4
"Not The Doctor",6,,3.78,4
Perfect,6,,3.13,4
"Right Through You",6,,2.93,4
"Wake Up",6,,4.88,4
"You Learn",6,,3.98,4
"You Oughta Know",6,,4.15,4
"You Oughta Know (Alternate)",6,,8.18,4
"Bleed The Freak",7,,4.01,5
Confusion,7,,5.73,5
"I Can't Remember",7,,3.7,5
"I Know Somethin (Bout You)",7,,4.34,5
"It Ain't Like That",7,,4.61,5
"Man In The Box",7,,4.76,5
"Put You Down",7,,3.26,5
"Real Thing",7,,4.05,5
"Sea Of Sorrow",7,,5.81,5
Sunshine,7,,4.73,5
"We Die Young",7,,2.53,5
"Back to Black",8,,4.0,6
"He Can Only Hold Her",8,,2.76,6
"Just Friends",8,,3.18,6
"Love Is a Losing Game",8,,2.56,6
"Me & Mr. Jones",8,,2.51,6
Rehab,8,,3.55,6
"Rehab (Hot Chip Remix)",8,,6.96,6
"Some Unholy War",8,,2.35,6
"Tears Dry On Their Own",8,,3.08,6
"Wake Up Alone",8,,3.68,6
"You Know I'm No Good",8,,4.26,6
"You Know I'm No Good (feat. Ghostface Killah)",8,,3.36,6
Angela,9,,2.81,7
"Corcovado (Quiet Nights Of Quiet Stars)",9,,3.41,7
Desafinado,9,,3.08,7
"Dindi (Dindi)",9,,4.21,7
"Falando De Amor",9,,3.65,7
Fotografia,9,,2.15,7
"Garota De Ipanema",9,,4.75,7
Ligia,9,,4.18,7
"O Boto (Bôto)",9,,6.1,7
"Outra Vez",9,,2.1,7
"Por Causa De Você",9,,2.81,7
"Samba De Uma Nota Só (One Note Samba)",9,,2.28,7
"Se Todos Fossem Iguais A Você (Instrumental)",9,,2.23,7
"Creeping Death",10,,5.13,8
"Enter Sandman",10,,3.68,8
"Harvester Of Sorrow",10,,6.23,8
"Master Of Puppets",10,,7.26,8
"Sad But True",10,,4.8,8
"The Unforgiven",10,,5.36,8
"Welcome Home (Sanitarium)",10,,5.83,8
"Wherever I May Roam",10,,6.15,8
"Bring'em Back Alive",11,,5.48,9
Cochise,11,,3.7,9
Exploder,11,,3.43,9
Gasoline,11,,4.65,9
"Getaway Car",11,,4.98,9
Hypnotize,11,,3.43,9
"I am the Highway",11,,5.56,9
"Light My Way",11,,5.05,9
"Like a Stone",11,,4.9,9
"Set It Off",11,,4.38,9
"Shadow on the Sun",11,,5.71,9
"Show Me How to Live",11,,4.61,9
"The Last Remaining Light",11,,5.28,9
"What You Are",11,,4.15,9
"#1 Zero",12,,4.98,9
"Be Yourself",12,,4.65,9
Dandelion,12,,4.63,9
"Doesn't Remind Me",12,,4.25,9
"Drown Me Slowly",12,,3.88,9
"Heaven's Dead",12,,4.59,9
"Man Or Animal",12,,3.88,9
"Out Of Exile",12,,4.84,9
"The Curse",12,,5.15,9
"The Worm",12,,3.95,9
"Yesterday To Tomorrow",12,,4.55,9
"Your Time Has Come",12,,4.25,9
"13 Years Of Grief",13,,4.09,10
A.N.D.R.O.T.A.Z.,13,,4.43,10
"All For You",13,,3.91,10
"Bored To Tears",13,,4.11,10
"Born To Booze",13,,4.7,10
"Intro/ Low Down",13,,5.38,10
"Lost My Better Half",13,,4.73,10
"No More Tears",13,,9.25,10
"Phoney Smile Fake Hellos",13,,4.55,10
"Stronger Than Death",13,,5.0,10
"Super Terrorizer",13,,5.31,10
"The Begining... At Last",13,,6.08,10
"World Of Trouble",13,,5.98,10
"Blood In The Wall",14,,4.73,10
"Heart Of Gold",14,,3.23,10
"Like A Bird",14,,4.59,10
Snowblind,14,,7.0,10
"The Beginning...At Last",14,,4.51,10
"Behind The Wall Of Sleep",15,,3.61,11
"Black Sabbath",15,,6.36,11
"Evil Woman",15,,3.4,11
N.I.B.,15,,6.13,11
"Sleeping Village",15,,10.73,11
"The Wizard",15,,4.4,11
Warning,15,,3.53,11
"A Banda",16,,2.2,12
"Apesar De Você",16,,3.9,12
"Atras Da Porta",16,,3.15,12
"Brejo Da Cruz",16,,3.56,12
Carolina,16,,2.71,12
"Com Açúcar E Com Afeto",16,,2.91,12
"Construção / Deus Lhe Pague",16,,6.38,12
"Essa Moça Ta Diferente",16,,2.78,12
"Fora Da Ordem",16,,5.9,12
"Geni E O Zepelim",16,,5.28,12
"Gota D'água",16,,2.54,12
"Meia-Lua Inteira",16,,3.7,12
"Menino Do Rio",16,,2.45,12
"Meu Caro Amigo",16,,4.33,12
"Minha Historia",16,,3.03,12
"Morena De Angola",16,,3.1,12
"O Estrangeiro",16,,6.23,12
"O Leaozinho",16,,3.06,12
"O Que Será (À Flor Da Terra)",16,,2.78,12
"Podres Poderes",16,,4.31,12
"Qualquer Coisa",16,,3.21,12
Queixa,16,,4.98,12
"Samba De Orly",16,,2.7,12
Sampa,16,,3.08,12
Tatuagem,16,,2.86,12
Terra,16,,6.68,12
"Trocando Em Miúdos",16,,2.81,12
"Um Indio",16,,3.25,12
"Vai Passar",16,,6.15,12
"Vai Trabalhar Vagabundo",16,,2.31,12
"Voce Nao Entende Nada - Cotidiano",16,,7.01,12
"Voce e Linda",16,,4.03,12
"Amor De Muito",17,,2.91,13
"Baião Ambiental [Instrumental]",17,,2.53,13
"Corpo De Lama",17,,3.86,13
"Criança De Domingo",17,,3.46,13
"Enquanto O Mundo Explode",17,,1.46,13
Etnia,17,,2.53,13
"Interlude Zumbi",17,,1.18,13
"Macô",17,,4.15,13
Manguetown,17,,3.23,13
"Maracatu Atômico",17,,4.73,13
"Maracatu Atômico [Atomic Version]",17,,4.55,13
"Maracatu Atômico [Ragga Mix]",17,,3.5,13
"Maracatu Atômico [Trip Hop]",17,,3.68,13
"Mateus Enter",17,,0.55,13
"O Cidadão Do Mundo",17,,3.33,13
"O Encontro De Isaac Asimov Com Santos Dumont No Céu",17,,1.65,13
"Quilombo Groove [Instrumental]",17,,2.51,13
"Samba Do Lado",17,,3.78,13
"Samidarish [Instrumental]",17,,4.53,13
"Sangue De Bairro",17,,2.2,13
Sobremesa,17,,4.0,13
"Um Passeio No Mundo Livre",17,,4.0,13
"Um Satélite Na Cabeça",17,,2.1,13
"A Cor Do Sol",18,,4.55,14
"A Estrada",18,,4.7,14
"A Sombra Da Maldade",18,,4.75,14
Doutor,18,,2.96,14
Downtown,18,,3.98,14
"Eu Também Quero Beijar",18,,3.51,14
"Falar A Verdade",18,,4.06,14
Firmamento,18,,3.75,14
"Na Frente Da TV",18,,4.81,14
"O Erê",18,,3.43,14
"Onde Você Mora?",18,,4.96,14
Pensamento,18,,3.2,14
"Realidade Virtual",18,,4.0,14
"Sábado A Noite",18,,4.45,14
"Amor Demais",19,,4.23,15
"Cada Um Cada Um (A Namoradeira)",19,,4.21,15
"Felicidade Urgente",19,,4.43,15
"Flor Do Futuro",19,,4.58,15
"Férias",19,,4.4,15
"Gostava Tanto De Você",19,,3.83,15
"Linha Do Equador",19,,4.06,15
"Livre Pra Viver",19,,3.56,15
"Noite Do Prazer",19,,5.18,15
"À Francesa",19,,4.06,15
Bloodsucker,20,,4.26,16
"Child In Time",20,,10.33,16
"Flight Of The Rat",20,,7.96,16
"Hard Lovin' Man",20,,7.18,16
"Into The Fire",20,,3.5,16
"Living Wreck",20,,4.56,16
"Speed King",20,,4.4,16
Burn,21,,7.55,16
Gypsy,21,,5.65,16
"Lady Double Dealer",21,,3.88,16
Mistreated,21,,12.63,16
"Smoke On The Water",21,,10.3,16
Stormbringer,21,,4.61,16
"You Fool No One",21,,13.4,16
"A Castle Full Of Rascals",22,,5.18,16
"A Touch Away",22,,4.59,16
"Cascades : I'm Not Your Lover",22,,4.71,16
"Hey Cisco",22,,5.9,16
"Loosen My Strings",22,,5.98,16
"Rosa's Cantina",22,,5.2,16
"Somebody Stole My Guitar",22,,4.15,16
"Sometimes I Feel Like Screaming",22,,7.51,16
"Soon Forgotten",22,,4.78,16
"The Aviator",22,,5.33,16
"The Purpendicular Waltz",22,,4.71,16
"Vavoom : Ted The Mechanic",22,,4.28,16
"Breakfast In Bed",23,,5.28,16
"Fire In The Basement",23,,4.71,16
Fortuneteller,23,,5.81,16
"King Of Dreams",23,,5.46,16
"Love Conquers All",23,,3.78,16
"The Cut Runs Deep",23,,5.7,16
"Too Much Is Not Enough",23,,4.28,16
"Truth Hurts",23,,5.23,16
"Wicked Ways",23,,6.55,16
"High Ball Shooter",24,,4.45,16
"Hold On",24,,5.09,16
"Holy Man",24,,4.5,16
"Lady Double Dealer",24,,3.35,16
"Love Don't Mean a Thing",24,,4.38,16
"Soldier Of Fortune",24,,3.21,16
Stormbringer,24,,4.09,16
"The Gypsy",24,,4.03,16
"You Can't Do it Right (With the One You Love)",24,,3.38,16
"A Twist In The Tail",25,,4.28,16
Anya,25,,6.53,16
"Lick It Up",25,,4.0,16
"Nasty Piece Of Work",25,,4.59,16
"One Man's Meat",25,,4.63,16
"Ramshackle Man",25,,5.56,16
Solitaire,25,,4.7,16
"Talk About Love",25,,4.11,16
"The Battle Rages On",25,,5.93,16
"Time To Kill",25,,5.85,16
"Going Down / Highway Star",26,,15.21,16
"Mistreated (Alternate Version)",26,,14.23,16
"Space Truckin'",26,,19.93,16
"You Fool No One (Alternate Version)",26,,12.71,16
Action,27,,3.66,17
Animal,27,,4.06,17
"Armageddon It",27,,5.36,17
"Bringin' On The Heartbreak",27,,4.53,17
"Have You Ever Needed Someone So Bad",27,,5.31,17
"Heaven Is",27,,3.56,17
Hysteria,27,,5.91,17
"Let's Get Rocked",27,,4.93,17
"Love Bites",27,,5.76,17
"Make Love Like A Man",27,,4.25,17
Photograph,27,,4.13,17
"Pour Some Sugar On Me",27,,4.86,17
"Rock Of Ages",27,,4.13,17
Rocket,27,,4.11,17
"Two Steps Behind [Acoustic Version]",27,,4.31,17
"When Love & Hate Collide",27,,4.28,17
"A Rua",28,,3.96,18
"Agora Que O Dia Acordou",28,,5.38,18
"Baixo Rio",28,,3.3,18
"Do You Have Other Loves?",28,,4.91,18
"Entre E Ouça",28,,4.76,18
"Já!!!",28,,3.61,18
Manuel,28,,3.83,18
"Seis Da Tarde",28,,3.96,18
"Solução",28,,4.11,18
"Sombras Do Meu Destino",28,,4.66,18
"Um Contrato Com Deus",28,,3.36,18
"Um Jantar Pra Dois",28,,4.06,18
"Um Love",28,,3.01,18
"Vamos Dançar",28,,3.76,18
"After Midnight",29,,3.18,19
Badge,29,,2.71,19
"Bell Bottom Blues",29,,5.06,19
Cocaine,29,,3.58,19
Crossroads,29,,4.21,19
"I Can't Stand It",29,,4.15,19
"I Feel Free",29,,2.9,19
"I Shot The Sheriff",29,,4.38,19
"Knockin On Heavens Door",29,,4.4,19
"Lay Down Sally",29,,3.85,19
Layla,29,,7.16,19
"Let It Grow",29,,4.95,19
Promises,29,,3.0,19
"Strange Brew",29,,2.78,19
"Sunshine Of Your Love",29,,4.2,19
"Swing Low Sweet Chariot",29,,3.46,19
"White Room",29,,5.01,19
"Wonderful Tonight",29,,3.68,19
"Best Of You",30,,4.25,20
DOA,30,,4.2,20
"End Over End",30,,5.86,20
"Free Me",30,,4.63,20
Hell,30,,1.95,20
"In Your Honor",30,,3.83,20
"No Way Back",30,,3.26,20
Resolve,30,,4.8,20
"The Deepest Blues Are Black",30,,3.96,20
"The Last Song",30,,3.31,20
"Another Round",31,,4.41,20
"Cold Day In The Sun",31,,3.33,20
"Friend Of A Friend",31,,3.21,20
Miracle,31,,3.48,20
"On The Mend",31,,4.51,20
"Over And Out",31,,5.26,20
Razor,31,,4.88,20
Still,31,,5.21,20
"Virginia Moon",31,,3.81,20
"What If I Do?",31,,5.03,20
Doll,32,,1.38,20
"Enough Space",32,,2.61,20
Everlong,32,,4.16,20
"February Stars",32,,4.81,20
"Monkey Wrench",32,,3.85,20
"My Hero",32,,4.33,20
"My Poor Brain",32,,3.55,20
"New Way Home",32,,5.7,20
"See You",32,,2.43,20
"Up In Arms",32,,2.25,20
"Walking After You",32,,5.05,20
"Wind Up",32,,2.53,20
"200 Years Old",33,,4.53,21
"Advance Romance",33,,11.28,21
"Carolina Hard-Core Ecstasy",33,,5.98,21
Cucamonga,33,,2.4,21
"Debra Kadabra",33,,3.9,21
"Man With The Woman Head",33,,1.46,21
"Muffin Man",33,,5.53,21
"Poofter's Froth Wyoming Plans Ahead",33,,3.05,21
"Sam With The Showing Scalp Flat Top",33,,2.85,21
"A Volta Da Asa Branca",34,,4.51,22
"As Pegadas Do Amor",34,,3.48,22
"Asa Branca",34,,3.61,22
"Assum Preto",34,,3.31,22
"Baião Da Penha",34,,4.11,22
"Casinha Feliz",34,,0.53,22
"Esperando Na Janela",34,,4.34,22
Juazeiro,34,,3.7,22
"Lamento Sertanejo",34,,4.33,22
"O Amor Daqui De Casa",34,,2.46,22
Pau-De-Arara,34,,3.18,22
"Qui Nem Jiló",34,,3.4,22
"Óia Eu Aqui De Novo",34,,3.65,22
"Último Pau-De-Arara",34,,3.33,22
"A Novidade (Live)",35,,5.26,22
"Copacabana (Live)",35,,4.81,22
"Cérebro Eletrônico (Live)",35,,3.85,22
"De Ouro E Marfim (Live)",35,,3.9,22
"Estrela (Live)",35,,4.75,22
"Ghandi (Live)",35,,3.7,22
"Introdução (Live)",35,,2.56,22
"Is This Love (Live)",35,,4.91,22
"Opachorô (Live)",35,,4.31,22
"Palco (Live)",35,,3.96,22
"Pela Internet (Live)",35,,4.38,22
"Quanta (Live)",35,,5.95,22
"Refavela (Live)",35,,3.93,22
"Stir It Up (Live)",35,,4.7,22
"Vendedor De Caranguejo (Live)",35,,4.13,22
"American Idiot",36,,2.9,23
"Are We The Waiting",36,,2.71,23
"Boulevard Of Broken Dreams",36,,4.33,23
"Extraordinary Girl",36,,3.56,23
"Give Me Novacaine",36,,3.41,23
Holiday,36,,3.86,23
"Homecoming / The Death Of St. Jimmy / East 12th St. / Nobody Likes You / Rock And Roll Girlfriend / We're Coming Home Again",36,,9.3,23
"Jesus Of Suburbia / City Of The Damned / I Don't Care / Dearly Beloved / Tales Of Another Broken Home",36,,9.13,23
Letterbomb,36,,4.09,23
"She's A Rebel",36,,2.0,23
"St. Jimmy",36,,2.91,23
"Wake Me Up When September Ends",36,,4.75,23
Whatsername,36,,4.2,23
"Basket Case",37,,3.01,23
"Brain Stew",37,,3.21,23
"Geek Stink Breath",37,,2.25,23
"Good Riddance (Time Of Your Life)",37,,2.54,23
"Hitchin' A Ride",37,,2.85,23
"J.A.R. (Jason Andrew Relva)",37,,2.83,23
Jaded,37,,1.5,23
Longview,37,,3.9,23
"Macy's Day Parade",37,,3.55,23
Maria,37,,2.78,23
Minority,37,,2.8,23
"Nice Guys Finish Last",37,,2.83,23
"Poprocks And Coke",37,,2.63,23
Redundant,37,,3.3,23
She,37,,2.23,23
"Stuck With Me",37,,2.25,23
Waiting,37,,3.2,23
"Walking Contradiction",37,,2.51,23
Warning,37,,3.68,23
"Welcome To Paradise",37,,3.73,23
"When I Come Around",37,,2.96,23
"All My Love",38,,3.33,24
"Come And Get Some Of This",38,,2.83,24
"Commercial 1",38,,0.11,24
"Commercial 2",38,,0.35,24
"Feel It",38,,3.98,24
"Guess Who's Back",38,,3.96,24
"House And The Rising Sun",38,,3.65,24
"House Of Pain Anthem",38,,2.58,24
"Jump Around",38,,3.61,24
"Jump Around (Pete Rock Remix)",38,,3.93,24
"Life Goes On",38,,2.71,24
"One For The Road",38,,2.83,24
"Put On Your Shit Kickers",38,,3.16,24
"Put Your Head Out",38,,3.03,24
Salutations,38,,1.14,24
"Shamrocks And Shenanigans",38,,3.63,24
"Shamrocks And Shenanigans (Boom Shalock Lock Boom/Butch Vig Mix)",38,,3.95,24
"Top O' The Morning To Ya",38,,3.6,24
Colibri,39,,6.01,25
"Dark Side Of The Cog",39,,6.28,25
"Deep Waters",39,,6.6,25
Gypsy,39,,5.5,25
"Jacob's Ladder",39,,6.11,25
"Journey Into Sunlight",39,,4.15,25
"L'Arc En Ciel De Miles",39,,4.03,25
"Love Is The Colour",39,,4.18,25
"Magnetic Ocean",39,,5.35,25
Millenium,39,,6.31,25
"She Wears Black",39,,8.8,25
Sunchild,39,,4.31,25
"Thinking 'Bout Tomorrow",39,,5.91,25
"2 Minutes To Midnight",41,,6.1,26
"Acacia Avenue",41,,6.31,26
"Aces High",41,,4.59,26
"Children Of The Damned",41,,4.63,26
"Die With Your Boots On",41,,5.23,26
"Flight Of Icarus",41,,3.81,26
"Hallowed Be Thy Name",41,,7.51,26
"Intro- Churchill S Speech",41,,0.8,26
"Iron Maiden",41,,4.34,26
"Phantom Of The Opera",41,,7.35,26
Powerslave,41,,7.56,26
Revelations,41,,6.18,26
"Rime Of The Ancient Mariner",41,,13.15,26
"Run To The Hills",41,,3.85,26
"Running Free",41,,3.4,26
"The Number Of The Beast",41,,4.58,26
"The Trooper",41,,4.46,26
Wrathchild,41,,3.05,26
"Afraid To Shoot Strangers",42,,6.86,26
"Be Quick Or Be Dead",42,,3.88,26
"Can I Play With Madness",42,,3.55,26
"Fear Of The Dark",42,,7.18,26
"From Here To Eternity",42,,4.73,26
Tailgunner,42,,4.11,26
"The Evil That Men Do",42,,7.96,26
"The Number Of The Beast",42,,4.9,26
"Wasting Love",42,,5.6,26
Wrathchild,42,,2.9,26
"Die With Your Boots On",43,,5.41,26
"Flight Of The Icarus",43,,3.83,26
"Quest For Fire",43,,3.68,26
Revelations,43,,6.8,26
"Still Life",43,,4.9,26
"Sun And Steel",43,,3.43,26
"The Trooper",43,,4.18,26
"To Tame A Land",43,,7.41,26
"Where Eagles Dare",43,,6.15,26
"2 Minutes To Midnight",44,,5.98,26
"Aces High",44,,4.48,26
"Back in the Village",44,,5.33,26
Duelists,44,,6.1,26
"Flash of The Blade",44,,4.03,26
"Losfer Words",44,,4.2,26
Powerslave,44,,6.78,26
"Rime of the Ancient Mariner",44,,13.6,26
"2 Minutes To Midnight",45,,6.43,26
"Blood Brothers",45,,7.25,26
"Brave New World",45,,6.1,26
"Ghost Of The Navigator",45,,6.8,26
Intro,45,,1.91,26
"Sign Of The Cross",45,,10.81,26
"The Mercenary",45,,4.7,26
"The Trooper",45,,4.55,26
"The Wicker Man",45,,4.68,26
Wrathchild,45,,3.08,26
"Dream Of Mirrors",47,,9.63,26
"Fear Of The Dark",47,,7.66,26
"Hallowed Be Thy Name",47,,7.38,26
"Iron Maiden",47,,5.85,26
"Run To The Hills",47,,4.86,26
Sanctuary,47,,5.28,26
"The Clansman",47,,9.31,26
"The Evil That Men Do",47,,4.66,26
"The Number Of The Beast",47,,5.0,26
"Can I Play With Madness",48,,3.51,26
"Infinite Dreams",48,,6.15,26
Moonchild,48,,5.66,26
"Only the Good Die Young",48,,4.66,26
"Seventh Son of a Seventh Son",48,,9.88,26
"The Clairvoyant",48,,4.45,26
"The Evil That Men Do",48,,4.55,26
"The Prophecy",48,,5.08,26
"2 A.M.",49,,5.61,26
"Blood On The World's Hands",49,,5.95,26
"Fortunes Of War",49,,7.38,26
"Judgement Of Heaven",49,,5.2,26
"Look For The Truth",49,,5.16,26
"Lord Of The Flies",49,,5.05,26
"Man On The Edge",49,,4.21,26
"Sign Of The Cross",49,,11.3,26
"The Aftermath",49,,6.33,26
"The Edge Of Darkness",49,,6.65,26
"The Unbeliever",49,,8.16,26
"Are You Gonna Be My Girl",50,,3.55,27
"Cold Hard Bitch",50,,4.05,27
"Come Around Again",50,,4.5,27
"Get Me Outta Here",50,,2.93,27
"Get What You Need",50,,4.11,27
"Last Chance",50,,1.86,27
"Lazy Gun",50,,4.7,27
"Look What You've Done",50,,3.83,27
"Move On",50,,4.33,27
"Radio Song",50,,4.53,27
"Rollover D.J.",50,,3.26,27
"Take It Or Leave It",50,,2.36,27
Timothy,50,,4.5,27
"Blow Your Mind",51,,8.53,28
"Didgin' Out",51,,2.61,28
"Emergency On Planet Earth",51,,4.08,28
"Hooked Up",51,,4.58,28
"Music Of The Wind",51,,6.38,28
"Revolution 1993",51,,10.26,28
"Too Young To Die",51,,6.08,28
"When You Gonna Learn (Digeridoo)",51,,3.83,28
"Black Capricorn Day",52,,5.68,28
Butterfly,52,,4.46,28
"Canned Heat",52,,5.51,28
"Deeper Underground",52,,4.68,28
"Destitute Illusions",52,,5.66,28
Failling,52,,3.75,28
"King For A Day",52,,3.68,28
"Planet Home",52,,4.73,28
"Soul Education",52,,4.25,28
Supersonic,52,,5.25,28
"Were Do We Go From Here",52,,5.21,28
"Half The Man",53,,4.81,28
"Journey To Arnhemland",53,,5.36,28
"Just Another Story",53,,8.81,28
"Light Years",53,,5.9,28
"Manifest Destiny",53,,6.36,28
"Morning Glory",53,,6.4,28
"Mr. Moon",53,,5.48,28
Scam,53,,7.03,28
"Space Cowboy",53,,6.41,28
"Stillness In Time",53,,4.28,28
"The Kids",53,,5.15,28
"51st Anniversary",54,,3.26,29
"Are You Experienced?",54,,4.23,29
"Can You See Me",54,,2.54,29
Fire,54,,2.73,29
"Foxy Lady",54,,3.31,29
"Hey Joe",54,,3.5,29
"Highway Chile",54,,3.53,29
"I Don't Live Today",54,,3.91,29
"Love Or Confusion",54,,3.21,29
"Manic Depression",54,,3.7,29
"May This Be Love",54,,3.18,29
"Purple Haze",54,,2.85,29
"Red House",54,,3.73,29
Remember,54,,2.8,29
"Stone Free",54,,3.6,29
"The Wind Cries Mary",54,,3.33,29
"Third Stone From The Sun",54,,6.73,29
"Breaking The Law (Live)",55,,2.4,30
"Diamonds And Rust (Live)",55,,3.65,30
"Electric Eye",55,,3.7,30
"Freewheel Burning",55,,4.41,30
"Heading Out To The Highway (Live)",55,,4.59,30
"Hot Rockin'",55,,3.28,30
"Living After Midnight",55,,3.55,30
"Metal Meltdown",55,,4.83,30
"Ram It Down",55,,4.86,30
"Some Heads Are Gonna Roll",55,,4.15,30
"The Green Manalishi",55,,3.41,30
"The Hellion",55,,0.68,30
"Turbo Lover",55,,5.58,30
"Tyrant (Live)",55,,4.7,30
"Victim Of Change (Live)",55,,7.16,30
"You've Got Another Thing Comin'",55,,5.08,30
Beth,56,,2.76,31
"Black Diamond",56,,5.23,31
"Calling Dr. Love",56,,3.75,31
"Cold Gin",56,,4.36,31
"Detroit Rock City",56,,3.63,31
Deuce,56,,3.08,31
"Do You Love Me",56,,3.56,31
"God Gave Rock 'n' Roll To You",56,,5.33,31
"God Of Thunder",56,,4.25,31
"Goin' Blind",56,,3.6,31
"Hard Luck Woman",56,,3.6,31
"I Was Made For Loving You",56,,4.51,31
"Love Gun",56,,3.26,31
"Plaster Caster",56,,3.45,31
"Rock And Roll All Nite",56,,2.88,31
She,56,,4.13,31
"Shock Me",56,,3.78,31
"Shout It Out Loud",56,,3.65,31
Strutter,56,,3.2,31
"Sure Know Something",56,,4.03,31
"A World Without Heroes",57,,2.95,31
Beth,57,,2.83,31
"Comin' Home",57,,2.86,31
"Do You Love Me",57,,3.21,31
Domino,57,,3.76,31
"Every Time I Look At You",57,,4.71,31
"Goin' Blind",57,,3.61,31
"I Still Love You",57,,6.15,31
"Nothin' To Lose",57,,3.7,31
"Plaster Caster",57,,3.3,31
"Rock And Roll All Nite",57,,4.31,31
"Rock Bottom",57,,3.33,31
"See You Tonight",57,,2.43,31
"Sure Know Something",57,,4.23,31
"Communication Breakdown",58,,3.2,32
"Communication Breakdown(2)",58,,2.68,32
"Communication Breakdown(3)",58,,3.08,32
"Dazed and Confused",58,,6.68,32
"How Many More Times",58,,11.85,32
"I Can't Quit You Baby",58,,4.38,32
"I Can't Quit You Baby(2)",58,,6.33,32
"Somethin' Else",58,,2.11,32
"The Girl I Love She Got Long Black Wavy Hair",58,,3.05,32
"Travelling Riverside Blues",58,,5.2,32
"What is and Should Never Be",58,,4.33,32
"Whole Lotta Love",58,,6.21,32
"You Shook Me",58,,5.25,32
"You Shook Me(2)",58,,10.31,32
"Black Dog",59,,5.28,32
"Dazed And Confused",59,,18.6,32
"Going To California",59,,3.9,32
Heartbreaker,59,,5.26,32
"Immigrant Song",59,,3.35,32
"Since I've Been Loving You",59,,6.93,32
"Stairway To Heaven",59,,8.81,32
"Thank You",59,,6.63,32
"That's The Way",59,,5.71,32
"Whole Lotta Love (Medley)",59,,13.75,32
"D'Yer Mak'er",60,,4.36,32
"Dancing Days",60,,3.71,32
"No Quarter",60,,7.0,32
"Over The Hills And Far Away",60,,4.83,32
"The Crunge",60,,3.28,32
"The Ocean",60,,4.51,32
"The Rain Song",60,,7.65,32
"The Song Remains The Same",60,,5.5,32
"All My Love",61,,5.93,32
Carouselambra,61,,10.56,32
"Fool In The Rain",61,,6.2,32
"Hot Dog",61,,3.28,32
"I'm Gonna Crawl",61,,5.48,32
"In The Evening",61,,6.83,32
"South Bound Saurez",61,,4.23,32
"Babe I'm Gonna Leave You",62,,6.68,32
"Black Mountain Side",62,,2.2,32
"Communication Breakdown",62,,2.5,32
"Dazed and Confused",62,,6.43,32
"Good Times Bad Times",62,,2.76,32
"How Many More Times",62,,8.46,32
"I Can't Quit You Baby",62,,4.7,32
"You Shook Me",62,,6.46,32
"Your Time Is Gonna Come",62,,4.56,32
"Bring It On Home",63,,4.31,32
Heartbreaker,63,,4.21,32
"Living Loving Maid (She's Just A Woman)",63,,2.65,32
"Moby Dick",63,,4.33,32
"Ramble On",63,,4.58,32
"Thank You",63,,4.78,32
"The Lemon Song",63,,6.31,32
"What Is And What Should Never Be",63,,4.78,32
"Whole Lotta Love",63,,5.56,32
"Bron-Y-Aur Stomp",64,,4.31,32
"Celebration Day",64,,3.48,32
Friends,64,,3.88,32
"Gallows Pole",64,,4.93,32
"Hats Off To (Roy) Harper",64,,3.65,32
"Immigrant Song",64,,2.4,32
"Out On The Tiles",64,,4.09,32
"Since I've Been Loving You",64,,7.4,32
Tangerine,64,,3.15,32
"That's The Way",64,,5.61,32
"Custard Pie",65,,4.21,32
"Houses Of The Holy",65,,4.03,32
"In My Time Of Dying",65,,11.1,32
Kashmir,65,,8.46,32
"The Rover",65,,5.61,32
"Trampled Under Foot",65,,5.6,32
"Black Country Woman",66,,4.55,32
"Boogie With Stu",66,,3.88,32
Bron-Yr-Aur,66,,2.1,32
"Down By The Seaside",66,,5.26,32
"In The Light",66,,8.76,32
"Night Flight",66,,3.61,32
"Sick Again",66,,4.71,32
"Ten Years Gone",66,,6.55,32
"The Wanton Song",66,,4.15,32
"Ainda É Cedo",67,,3.93,33
"Antes Das Seis",67,,3.15,33
Dezesseis,67,,5.35,33
"Eduardo E Mônica",67,,4.51,33
"Faroeste Caboclo",67,,9.05,33
"Geração Coca-Cola",67,,2.35,33
Giz,67,,3.36,33
"Há Tempos",67,,3.28,33
Indios,67,,4.3,33
"Meninos E Meninas",67,,3.38,33
"Pais E Filhos",67,,5.13,33
"Perfeição",67,,4.59,33
"Que País É Este",67,,2.95,33
"Será",67,,2.46,33
"Tempo Perdido",67,,5.03,33
"Vento No Litoral",67,,6.1,33
"Bitter Suite: Brief Encounter / Lost Weekend / Blue Angel",68,,5.93,34
"Blind Curve: Vocal Under A Bloodlight / Passing Strangers / Mylo / Perimeter Walk / Threshold",68,,9.48,34
"Childhoods End?",68,,4.53,34
"Heart Of Lothian: Wide Boy / Curtain Call",68,,6.1,34
Kayleigh,68,,3.9,34
Lavender,68,,2.54,34
"Lords Of The Backstage",68,,1.86,34
"Pseudo Silk Kimono",68,,2.23,34
"Waterhole (Expresso Bongo)",68,,2.21,34
"White Feather",68,,2.38,34
"Be Good Johnny",69,,3.6,35
"Down Under",69,,3.7,35
"Down by the Sea",69,,6.8,35
"Dr. Heckyll & Mr. Jive",69,,4.63,35
"Everything I Need",69,,3.6,35
"It's a Mistake",69,,4.55,35
"No Sign of Yesterday",69,,6.03,35
Overkill,69,,3.75,35
"Shakes and Ladders",69,,3.3,35
"Who Can It Be Now?",69,,3.36,35
Astronomy,70,,6.61,36
"Die Die My Darling",70,,2.48,36
"Free Speech For The Dumb",70,,2.58,36
"It's Electric",70,,3.55,36
Loverman,70,,7.86,36
"Mercyful Fate",70,,11.18,36
"Sabbra Cadabra",70,,6.33,36
"The More I See",70,,4.78,36
"Tuesday's Gone",70,,9.08,36
"Turn The Page",70,,6.1,36
"Whiskey In The Jar",70,,5.08,36
"Am I Evil?",71,,7.83,36
Blitzkrieg,71,,3.6,36
Breadfan,71,,5.68,36
"Crash Course In Brain Surgery",71,,3.16,36
"Damage Case",71,,3.66,36
Helpless,71,,6.63,36
"Killing Time",71,,3.05,36
"Last Caress/Green Hell",71,,3.48,36
Overkill,71,,4.08,36
"So What",71,,3.15,36
"Stone Cold Crazy",71,,2.28,36
"Stone Dead Forever",71,,4.86,36
"The Prince",71,,4.41,36
"The Small Hours",71,,6.71,36
"The Wait",71,,4.91,36
"Too Late Too Late",71,,3.2,36
"(Anesthesia) Pulling Teeth",72,,4.23,36
"Hit The Lights",72,,4.28,36
"Jump In The Fire",72,,4.68,36
"Metal Militia",72,,5.18,36
Motorbreath,72,,3.13,36
"No Remorse",72,,6.43,36
"Phantom Lord",72,,5.03,36
"Seek & Destroy",72,,6.91,36
"The Four Horsemen",72,,7.21,36
Whiplash,72,,4.15,36
Battery,73,,5.2,36
"Damage Inc.",73,,5.5,36
"Disposable Heroes",73,,8.26,36
"Leper Messiah",73,,5.78,36
"Master Of Puppets",73,,8.58,36
Orion,73,,8.33,36
"The Thing That Should Not Be",73,,6.6,36
"Welcome Home (Sanitarium)",73,,6.45,36
"Creeping Death",74,,6.6,36
Escape,74,,4.4,36
"Fade To Black",74,,6.9,36
"Fight Fire With Fire",74,,4.75,36
"For Whom The Bell Tolls",74,,5.18,36
"Ride The Lightning",74,,6.61,36
"The Call Of Ktulu",74,,8.9,36
"Trapped Under Ice",74,,4.06,36
"Blues For Pablo",75,,5.3,37
"Blues For Pablo (Alternate Take)",75,,3.53,37
"I Don't Wanna Be Kissed (By Anyone But You)",75,,3.18,37
"I Don't Wanna Be Kissed (By Anyone But You) (Alternate Take)",75,,3.2,37
Lament,75,,2.23,37
"Miles Ahead",75,,3.48,37
"My Ship",75,,4.46,37
"New Rhumba",75,,4.59,37
Springsville,75,,3.45,37
"Springsville (Alternate Take)",75,,3.26,37
"The Duke",75,,3.56,37
"The Maids Of Cadiz",75,,3.88,37
"The Meaning Of The Blues",75,,2.8,37
"The Meaning Of The Blues/Lament (Alternate Take)",75,,5.15,37
Afraid,76,,4.13,38
"Bitter Pill",76,,4.43,38
"Don't Go Away Mad (Just Go Away)",76,,4.65,38
"Dr. Feelgood",76,,4.7,38
Enslaved,76,,4.48,38
Glitter,76,,5.66,38
"Home Sweet Home",76,,3.93,38
"Kickstart My Heart",76,,4.71,38
"Looks That Kill",76,,4.0,38
"Primal Scream",76,,4.76,38
"Same Ol' Situation",76,,4.23,38
"Shout At The Devil",76,,3.68,38
"Smokin' in The Boys Room",76,,3.43,38
"Too Fast For Love",76,,3.33,38
"Wild Side",76,,4.59,38
"Without You",76,,4.46,38
Aneurysm,77,,4.51,39
"Been A Son",77,,2.11,39
Blew,77,,3.6,39
Breed,77,,3.46,39
"Drain You",77,,3.58,39
"Heart-Shaped Box",77,,4.68,39
Intro,77,,0.86,39
Lithium,77,,4.16,39
"Milk It",77,,3.75,39
"Negative Creep",77,,2.71,39
Polly,77,,2.48,39
"Scentless Apprentice",77,,3.51,39
School,77,,2.66,39
Sliver,77,,1.93,39
"Smells Like Teen Spirit",77,,4.78,39
"Spank Thru",77,,3.16,39
"Tourette's",77,,1.91,39
Breed,78,,3.05,39
"Come As You Are",78,,3.65,39
"Drain You",78,,3.71,39
"In Bloom",78,,4.23,39
Lithium,78,,4.26,39
"Lounge Act",78,,2.6,39
"On A Plain",78,,3.26,39
Polly,78,,2.95,39
"Smells Like Teen Spirit",78,,5.01,39
"Something In The Way",78,,3.83,39
"Stay Away",78,,3.53,39
"Territorial Pissings",78,,2.38,39
"Cartao Postal",79,,3.51,40
"Denúncia",79,,2.65,40
"Faraó Divindade Do Egito",79,,3.8,40
"Jeito Faceiro",79,,3.61,40
"Madagáscar Olodum",79,,4.2,40
"Nossa Gente (Avisa Là)",79,,3.13,40
"Olodum - Alegria Geral",79,,3.88,40
"Olodum - Smile (Instrumental)",79,,3.91,40
"Protesto Do Olodum (Ao Vivo)",79,,3.43,40
"Reggae Odoyá",79,,3.73,40
Requebra,79,,4.0,40
"Revolta Olodum",79,,3.83,40
"Todo Amor (Asas Da Liberdade)",79,,4.08,40
"A E O Z",80,,8.63,41
"Ando Meio Desligado",80,,4.78,41
Baby,80,,2.95,41
"Balada Do Louco",80,,4.01,41
"Banho De Lua",80,,3.68,41
"Bat Macumba",80,,3.11,41
"Chão De Estrelas",80,,4.73,41
"Desculpe Babe",80,,2.83,41
"Meu Refrigerador Não Funciona",80,,6.36,41
"Panis Et Circenses",80,,2.08,41
"Rita Lee",80,,3.15,41
"Top Top",80,,2.43,41
"Vida De Cachorro",80,,3.25,41
Alagados,81,,5.03,42
"Caleidoscópio",81,,3.51,42
"Cinema Mudo",81,,3.78,42
"Lanterna Dos Afogados",81,,3.16,42
"Me Liga",81,,3.81,42
"Melô Do Marinheiro",81,,3.46,42
"Meu Erro",81,,3.46,42
"O Beco",81,,3.15,42
Perplexo,81,,2.68,42
"Quase Um Segundo",81,,4.58,42
"Romance Ideal",81,,4.16,42
SKA,81,,2.46,42
Selvagem,81,,4.08,42
"Será Que Vai Chover?",81,,5.61,42
"Vital E Sua Moto",81,,3.5,42
"Óculos",81,,3.65,42
"Bark at the Moon",82,,4.28,43
"Crazy Train",83,,4.91,43
"I Don't Know",83,,5.2,43
"Blue Train",84,,6.75,44
"Burning Up",84,,5.35,44
"Heart In Your Hand",84,,3.83,44
"House Of Love",84,,5.58,44
"Most High",84,,5.6,44
"Please Read The Letter",84,,4.36,44
"Shining In The Light",84,,4.0,44
"Sons Of Freedom",84,,4.09,44
"Upon A Golden Horse",84,,3.86,44
"Walking Into Clarksdale",84,,5.3,44
"When I Was A Child",84,,5.75,44
"When The World Was Young",84,,6.21,44
"Better Man",85,,4.09,45
Black,85,,6.91,45
Corduroy,85,,5.08,45
Daughter,85,,6.78,45
"Do The Evolution",85,,3.75,45
"Elderly Woman Behind The Counter In A Small Town",85,,3.81,45
"Even Flow",85,,5.28,45
"F*Ckin' Up",85,,6.28,45
"Given To Fly",85,,3.88,45
Go,85,,2.68,45
MFC,85,,2.46,45
Nothingman,85,,4.63,45
"Off He Goes",85,,5.71,45
"Red Mosquito",85,,4.03,45
Untitled,85,,2.03,45
Koyaanisqatsi,86,,3.43,46
"Can't Get There From Here",87,,3.66,47
"Carnival Of Sorts",87,,3.88,47
Cuyahoga,87,,4.33,47
"Don't Go Back To Rockville",87,,4.53,47
"Driver 8",87,,3.4,47
"Fall On Me",87,,2.86,47
"Green Grow The Rushes",87,,3.75,47
"I Believe",87,,3.78,47
"It's The End Of The World As We Know It (And I Feel Fine)",87,,4.06,47
"Perfect Circle",87,,3.46,47
"Pretty Persuasion",87,,3.81,47
"Radio Free Aurope",87,,4.08,47
"So Central Rain",87,,3.23,47
"Talk About The Passion",87,,3.38,47
"The Finest Worksong",87,,3.81,47
"The One I Love",87,,3.28,47
"Apache Rose Peacock",88,,4.7,48
"Blood Sugar Sex Magik",88,,4.51,48
"Breaking The Girl",88,,4.91,48
"Funky Monks",88,,5.38,48
"Give It Away",88,,4.71,48
"I Could Have Lied",88,,4.06,48
"If You Have To Ask",88,,3.6,48
"Mellowship Slinky In B Major",88,,4.0,48
"My Lovely Man",88,,4.65,48
"Naked In The Rain",88,,4.41,48
"Sir Psycho Sexy",88,,8.26,48
"Suck My Kiss",88,,3.61,48
"The Greeting Song",88,,3.21,48
"The Power Of Equality",88,,4.05,48
"The Righteous & The Wicked",88,,4.13,48
"They're Red Hot",88,,1.18,48
"Under The Bridge",88,,4.4,48
"By The Way",89,,3.63,48
Cabron,89,,3.63,48
"Can't Stop",89,,4.48,48
"Don't Forget Me",89,,4.61,48
Dosed,89,,5.2,48
"I Could Die For You",89,,3.21,48
Midnight,89,,4.91,48
"Minor Thing",89,,3.61,48
"On Mercury",89,,3.46,48
Tear,89,,5.28,48
"The Zephyr Song",89,,3.86,48
"This Is The Place",89,,4.28,48
"Throw Away Your Television",89,,3.73,48
"Universally Speaking",89,,4.31,48
"Venice Queen",89,,6.15,48
"Warm Tape",89,,4.26,48
"2112 Overture",90,,4.53,49
Anthem,90,,4.4,49
"Bastille Day",90,,4.66,49
"By-Tor And The Snow Dog",90,,8.65,49
"Closer To The Heart",90,,2.91,49
"Finding My Way",90,,5.08,49
"Fly By Night",90,,3.36,49
Freewill,90,,5.4,49
"La Villa Strangiato",90,,9.61,49
"Something For Nothing",90,,4.0,49
"The Spirit Of Radio",90,,4.98,49
"The Temples Of Syrinx",90,,2.21,49
"The Trees",90,,4.75,49
Xanadu,90,,11.11,49
"As The Years Go by",91,,3.88,50
"El Corazon Manda",91,,11.88,50
"Fried Neckbones And Home Fries",91,,10.63,50
Jingo,91,,9.86,50
"La Puesta Del Sol",91,,10.46,50
Persuasion,91,,5.3,50
"Santana Jam",91,,14.7,50
"Soul Sacrifice",91,,4.93,50
"Evil Ways",92,,7.91,50
"Funky Piano",92,,15.56,50
"Just Ain't Good Enough",92,,14.16,50
"Rock Me",92,,1.56,50
"The Way You Do To Mer",92,,10.3,50
"We've Got To Get Together/Jingo",92,,17.83,50
1979,93,,4.38,51
"Ava Adore",93,,4.34,51
"Bullet With Butterfly Wings",93,,4.28,51
"Cherub Rock",93,,4.98,51
Disarm,93,,3.3,51
Drown,93,,4.5,51
Eye,93,,4.9,51
Landslide,93,,3.16,51
Perfect,93,,3.38,51
"Real Love",93,,4.16,51
Rhinocerous,93,,5.88,51
Siva,93,,4.34,51
"Stand Inside Your Love",93,,4.21,51
"The Everlasting Gaze",93,,4.03,51
Today,93,,3.36,51
Zero,93,,2.68,51
[Untitled],93,,3.85,51
"As We Sleep",94,,5.26,52
Believe,94,,5.16,52
"Best Thing",94,,4.56,52
"De La Luz",94,,5.25,52
"Heart of the Night",94,,4.55,52
"J Squared",94,,4.8,52
Midnight,94,,4.43,52
Playtime,94,,4.55,52
Surrender,94,,4.78,52
"Valentino's",94,,4.93,52
"Westwood Moon",94,,4.91,52
"When Evening Falls",94,,4.96,52
"End Of Romanticism",95,,5.33,52
Heliopolis,95,,5.63,52
"It Doesn't Matter",95,,4.5,52
Jubilee,95,,4.58,52
"Little Linda",95,,4.4,52
"Morning Dance",95,,3.96,52
Rasul,95,,3.96,52
"Song For Lorraine",95,,4.0,52
Starburst,95,,4.84,52
"All Night Thing",96,,3.85,53
"Call Me a Dog",96,,5.06,53
"Four Walled World",96,,6.9,53
"Hunger Strike",96,,4.09,53
"Pushin Forward Back",96,,3.75,53
"Reach Down",96,,11.2,53
"Say Hello 2 Heaven",96,,6.4,53
"Times of Trouble",96,,5.7,53
"Wooden Jesus",96,,4.16,53
"Your Savior",96,,4.06,53
"Adios nonino",97,,4.81,54
"Cosmic Fiend",98,,5.13,55
"Cursed Diamonds",98,,6.13,55
"Girl From A Pawnshop",98,,6.73,55
"Greasy Grass River",98,,3.63,55
"Midnight From The Inside Out",98,,4.76,55
"Miracle To Me",98,,6.2,55
"Sometimes Salvation",98,,6.48,55
"Sting Me",98,,4.46,55
"Thick & Thin",98,,3.7,55
"Wiser Time",98,,7.65,55
"Black Moon Creeping",99,,5.98,55
"Hard To Handle",99,,3.43,55
"High Head Blues",99,,6.18,55
"Lickin'",99,,5.23,55
Remedy,99,,5.61,55
"She Talks To Angels",99,,6.01,55
"Soul Singing",99,,3.88,55
"Title Song",99,,8.41,55
"Twice As Hard",99,,4.58,55
"Alabama Song",100,,3.33,56
"Back Door Man",100,,3.56,56
"Break on Through",100,,2.48,56
"End Of The Night",100,,2.86,56
"I Looked At You",100,,2.36,56
"Light My Fire",100,,7.13,56
"Soul Kitchen",100,,3.58,56
"Take It As It Comes",100,,2.28,56
"The Crystal Ship",100,,2.56,56
"The End",100,,11.68,56
"Twentienth Century Fox",100,,2.54,56
Corinna,101,,4.28,57
"Flip The Switch",101,,4.2,57
"Gimmie Shelters",101,,6.36,57
Intro,101,,0.81,57
"Live With Me",101,,3.9,57
"Memory Motel",101,,6.08,57
"Out Of Control",101,,7.98,57
Respectable,101,,3.58,57
"Saint Of Me",101,,5.41,57
"Sister Morphine",101,,6.26,57
"The Last Time",101,,4.78,57
"Thief In The Night",101,,5.61,57
"Wainting On A Friend",101,,5.03,57
"You Got Me Rocking",101,,3.41,57
Acrobat,102,,4.5,58
"Even Better Than The Real Thing",102,,3.68,58
"Love Is Blindness",102,,4.38,58
"Mysterious Ways",102,,4.05,58
One,102,,4.59,58
"So Cruel",102,,5.81,58
"The Fly",102,,4.46,58
"Tryin' To Throw Your Arms Around The World",102,,3.86,58
"Ultraviolet (Light My Way)",102,,5.5,58
"Until The End Of The World",102,,4.63,58
"Who's Gonna Ride Your Wild Horses",102,,5.26,58
"Zoo Station",102,,4.59,58
"Beautiful Day",103,,4.13,58
Elevation,103,,3.78,58
Grace,103,,5.5,58
"In A Little While",103,,3.65,58
Kite,103,,4.43,58
"New York",103,,5.5,58
"Peace On Earth",103,,4.8,58
"Stuck In A Moment You Can't Get Out Of",103,,4.53,58
"Walk On",103,,4.93,58
"When I Look At The World",103,,4.28,58
"Wild Honey",103,,3.76,58
"A Man And A Woman",104,,4.5,58
"All Because Of You",104,,3.65,58
"City Of Blinding Lights",104,,5.78,58
"Crumbs From Your Table",104,,5.05,58
"Love And Peace Or Else",104,,4.83,58
"Miracle Drug",104,,3.98,58
"One Step Closer",104,,3.85,58
"Original Of The Species",104,,4.68,58
"Sometimes You Can't Make It On Your Own",104,,5.13,58
Vertigo,104,,3.23,58
Yahweh,104,,4.36,58
Babyface,105,,4.01,58
"Daddy's Gonna Pay For Your Crashed Car",105,,5.33,58
"Dirty Day",105,,5.4,58
Lemon,105,,6.96,58
Numb,105,,4.33,58
"Some Days Are Better Than Others",105,,4.28,58
"The First Time",105,,3.75,58
"The Wanderer",105,,4.71,58
Zooropa,105,,6.53,58
"(I Can't Help) Falling In Love With You",106,,3.45,59
"Breakfast In Bed",106,,3.26,59
"Bring Me Your Cup",106,,5.68,59
"C'est La Vie",106,,4.5,59
"Here I Am (Come And Take Me)",106,,4.03,59
"Higher Ground",106,,4.33,59
"Homely Girl",106,,3.38,59
"I Would Do For You",106,,5.56,59
"Kingston Town",106,,3.76,59
"Reggae Music",106,,4.08,59
Superstition,106,,5.31,59
"Until My Dying Day",106,,3.91,59
"Wear You To The Ball",106,,3.55,59
"Where Did I Go Wrong",106,,3.76,59
"Ain't Talkin' 'Bout Love",107,,3.83,60
"Atomic Punk",107,,3.03,60
Eruption,107,,1.7,60
"Feel Your Love Tonight",107,,3.7,60
"I'm The One",107,,3.76,60
"Ice Cream Man",107,,3.33,60
"Jamie's Cryin'",107,,3.5,60
"Little Dreamer",107,,3.38,60
"On Fire",107,,3.0,60
"Runnin' With The Devil",107,,3.6,60
"You Really Got Me",107,,2.63,60
"Ballot or the Bullet",108,,5.7,60
"Dirty Water Dog",108,,5.45,60
"Fire in the Hole",108,,5.51,60
"From Afar",108,,5.4,60
"How Many Say I",108,,6.05,60
Josephina,108,,5.7,60
Neworld,108,,1.75,60
Once,108,,7.7,60
"One I Want",108,,5.5,60
Primary,108,,1.43,60
"Without You",108,,6.5,60
"Year to the Day",108,,8.56,60
